,x,y,Prediction
0,0.234955,-0.136078,1
1,0.013947,0.212708,0
2,0.275452,-0.12796,1
3,-0.094269,0.146576,0
4,-0.046295,-0.400299,0
5,-0.449005,0.378387,0
6,0.217865,0.176453,1
7,-0.08197,-0.074921,0
8,-0.246765,-0.005859,1
9,-0.234833,0.489929,0
10,-0.189636,-0.478424,0
11,-0.231354,0.456329,0
12,0.312225,-0.437134,0
13,-0.023376,0.43396,0
14,0.209686,-0.447388,0
15,0.307983,-0.298553,0
16,-0.446533,-0.017975,0
17,0.315002,0.389526,0
18,0.252075,-0.450165,0
19,-0.071686,-0.252167,0
20,-0.016418,0.131195,0
21,0.403015,0.339722,0
22,0.230774,0.159149,1
23,0.184845,-0.491577,0
24,-0.092102,-0.488495,0
25,-0.085052,-0.041534,0
26,-0.451874,0.497589,0
27,0.291901,-0.203949,1
28,-0.479767,0.038422,0
29,0.010345,-0.127808,0
30,0.243225,-0.366333,0
31,0.493927,-0.2276,0
32,-0.13208,0.209839,0
33,-0.357452,0.296509,0
34,0.394012,0.442902,0
35,0.311584,-0.227539,0
36,-0.308563,-0.350922,0
37,-0.257629,0.048004,1
38,0.394775,-0.161713,1
39,-0.337128,-0.496338,0
40,0.139374,0.022736,1
41,0.276611,-0.069,1
42,0.108337,0.375763,0
43,-0.140686,-0.379944,0
44,0.358246,0.333679,0
45,0.181671,0.499146,0
46,-0.106415,0.234741,0
47,0.476868,-0.32843,0
48,-0.042664,-0.410858,0
49,0.172089,0.1922,1
50,-0.49234,-0.426544,0
51,0.102142,0.428253,0
52,0.348511,-0.156494,1
53,0.424316,-0.152252,0
54,-0.116577,0.25946,0
55,-0.04657,-0.420563,0
56,-0.038849,-0.383545,0
57,0.135101,-0.412048,0
58,-0.218292,-0.02478,1
59,0.376892,-0.191986,1
60,0.331879,-0.31424,0
61,-0.0448,0.081238,0
62,0.318665,-0.301605,0
63,0.217529,0.239563,1
64,0.069519,0.255402,0
65,0.297943,0.178925,1
66,0.368164,-0.442535,0
67,0.065369,0.266724,0
68,-0.305206,0.498444,0
69,-0.477173,-0.072815,0
70,-0.160889,0.062134,1
71,0.376556,-0.25177,0
72,0.355377,0.475037,0
73,-0.00592,-0.046509,0
74,-0.172211,-0.29126,0
75,0.46936,-0.416718,0
76,0.415497,0.425446,0
77,0.014313,0.228516,0
78,-0.354797,-0.039124,1
79,0.395325,-0.339294,0
80,-0.07901,0.437866,0
81,-0.366882,0.202728,1
82,-0.280579,-0.395325,0
83,-0.314575,0.183105,1
84,-0.060974,0.491516,0
85,0.330566,0.318268,0
86,0.372894,0.479401,0
87,-0.028931,0.366241,0
88,-0.227051,-0.125366,1
89,-0.424072,-0.104492,0
90,0.474854,-0.417023,0
91,0.480225,-0.486938,0
92,0.052216,-0.022705,0
93,0.261108,0.394836,0
94,-0.031342,-0.447815,0
95,0.408478,0.463074,0
96,-0.302887,0.459534,0
97,0.00943,0.053406,0
98,0.274048,-0.481506,0
99,0.165192,0.416473,0
100,-0.241302,-0.20578,1
101,0.3591,-0.103241,1
102,-0.435394,0.338226,0
103,0.494568,0.133392,0
104,0.133606,0.185089,1
105,-0.178192,0.125702,1
106,-0.080048,0.198212,0
107,0.471771,-0.491821,0
108,0.15387,-0.140381,1
109,-0.183594,-0.122131,1
110,0.353241,-0.403809,0
111,0.373901,-0.481537,0
112,0.05188,-0.262848,0
113,0.477386,0.364471,0
114,-0.286499,-0.303802,0
115,0.42627,-0.4505,0
116,0.300018,0.47171,0
117,0.338562,0.382141,0
118,0.462799,0.059265,0
119,0.42334,0.093414,0
120,-0.174286,-0.130005,1
121,-0.108337,0.199493,0
122,0.328796,-0.251404,0
123,0.224976,-0.176727,1
124,0.101135,-0.315491,0
125,0.019806,-0.181091,0
126,-0.16806,-0.189667,1
127,0.127289,0.04248,1
128,0.108124,-0.21875,0
129,0.306274,-0.386749,0
130,-0.312103,0.128723,1
131,0.109039,-0.491211,0
132,0.17804,-0.317078,0
133,0.217987,0.337646,0
134,0.084869,-0.34314,0
135,-0.047516,-0.366241,0
136,-0.293518,0.486816,0
137,0.164124,-0.483978,0
138,-0.164062,0.021973,1
139,0.239594,0.056793,1
140,-0.256653,0.157715,1
141,0.429688,0.203094,0
142,0.406403,-0.49408,0
143,0.223114,-0.405579,0
144,0.457428,0.196014,0
145,-0.015839,0.120789,0
146,-0.183899,0.400818,0
147,-0.427338,-0.435455,0
148,0.47644,-0.319458,0
149,0.1651,0.170227,1
150,0.41684,-0.260773,0
151,-0.004211,0.485596,0
152,0.101868,-0.313416,0
153,0.236633,0.318237,0
154,-0.455353,0.399872,0
155,-0.265839,0.150818,1
156,0.39859,0.078857,1
157,-0.17688,-0.140747,1
158,0.047119,-0.411987,0
159,-0.06543,0.077393,0
160,0.160034,-0.320496,0
161,0.217834,0.051849,1
162,-0.314178,-0.309113,0
163,-0.105011,0.330811,0
164,-0.252228,-0.188995,1
165,-0.433655,0.130615,0
166,0.413605,-0.491791,0
167,0.185852,-0.276093,0
168,-0.193512,0.214203,1
169,-0.074677,-0.30719,0
170,-0.473053,-0.142303,0
171,-0.354065,0.391266,0
172,-0.14621,0.341217,0
173,0.195984,0.460022,0
174,-0.306732,-0.444641,0
175,0.25354,-0.26178,0
176,-0.254974,0.023438,1
177,-0.0672,0.415009,0
178,-0.146606,-0.22879,0
179,-0.127319,-0.23465,0
180,0.013214,-0.485474,0
181,0.026947,0.313354,0
182,-0.001312,-0.240479,0
183,-0.126038,-0.232605,0
184,0.083801,-0.091675,0
185,0.265106,-0.429871,0
186,-0.176422,-0.035522,1
187,-0.36911,0.407745,0
188,0.364502,-0.068146,1
189,-0.237152,-0.478241,0
190,0.252869,-0.499512,0
191,-0.109192,0.16748,0
192,0.210205,0.113312,1
193,0.273346,0.062561,1
194,-0.156006,0.00769,1
195,0.021088,0.169647,0
196,-0.237183,0.325012,0
197,0.370911,-0.343384,0
198,0.064453,-0.117462,0
199,0.130188,0.378479,0
200,-0.334015,-0.298706,0
201,-0.490326,-0.275604,0
202,0.444122,-0.116882,0
203,0.063782,0.173676,0
204,-0.344879,-0.06839,1
205,-0.042908,0.404541,0
206,-0.3974,0.10968,1
207,0.275726,0.299469,0
208,0.022125,-0.071594,0
209,-0.397491,-0.309479,0
210,0.15152,0.360107,0
211,-0.425659,0.188995,0
212,-0.044739,-0.129852,0
213,-0.35907,-0.057587,1
214,0.471985,-0.139557,0
215,-0.256622,-0.336578,0
216,-0.246033,-0.380768,0
217,0.131439,-0.226471,0
218,0.366821,0.370178,0
219,0.038147,0.006195,0
220,-0.081207,-0.485016,0
221,0.430786,0.312286,0
222,-0.412079,-0.337006,0
223,-0.443451,0.412292,0
224,0.116089,-0.458313,0
225,-0.497864,-0.161255,0
226,0.238647,0.381927,0
227,0.485352,-0.187622,0
228,0.018066,-0.128632,0
229,0.098511,-0.203552,0
230,0.051147,0.270081,0
231,0.2211,0.072083,1
232,0.017426,-0.217987,0
233,-0.178497,0.179199,1
234,-0.461304,-0.223969,0
235,0.366211,-0.433838,0
236,-0.182678,-0.049652,1
237,0.054779,0.292511,0
238,0.02301,0.034149,0
239,-0.39978,0.127777,1
240,-0.103851,0.119873,0
241,-0.227325,-0.109314,1
242,-0.463287,0.220306,0
243,0.425751,0.37262,0
244,-0.152527,0.14386,1
245,0.223846,-0.311737,0
246,-0.399536,0.282166,0
247,-0.210388,0.398254,0
248,-0.405212,0.403259,0
249,0.489868,0.246796,0
250,-0.124512,0.044708,1
251,-0.421021,-0.141724,0
252,0.481354,-0.400269,0
253,-0.081299,0.236664,0
254,-0.309113,-0.309265,0
255,-0.007599,0.411469,0
256,0.235107,-0.076477,1
257,0.433472,0.07373,0
258,0.445892,-0.383728,0
259,-0.214111,-0.453827,0
260,-0.191498,-0.403412,0
261,-0.284058,-0.06897,1
262,-0.112701,-0.338928,0
263,0.394073,-0.220673,0
264,0.093231,-0.209625,0
265,0.265106,0.125519,1
266,0.26178,-0.285889,0
267,-0.07373,0.230835,0
268,-0.489746,-0.081055,0
269,0.330872,-0.120209,1
270,0.343201,-0.306,0
271,0.037537,-0.427277,0
272,0.474518,0.306885,0
273,-0.277435,0.458862,0
274,0.335083,-0.09552,1
275,-0.325104,0.353302,0
276,-0.265167,0.232208,1
277,0.492493,-0.318268,0
278,-0.352264,-0.235046,0
279,-0.301788,-0.303467,0
280,-0.411316,0.344452,0
281,0.49472,-0.191742,0
282,-0.449219,-0.084198,0
283,0.376495,0.376068,0
284,-0.027863,0.45755,0
285,-0.18158,-0.199219,1
286,-0.29953,-0.301025,0
287,-0.24115,0.264618,0
288,0.424683,-0.282104,0
289,0.09668,-0.039093,0
290,-0.458069,0.013458,0
291,-0.079315,0.158081,0
292,-0.071014,0.147156,0
293,-0.310028,-0.058838,1
294,-0.413391,-0.454285,0
295,0.084656,-0.025177,0
296,-0.374207,-0.439636,0
297,-0.255219,0.131714,1
298,-0.435425,0.375122,0
299,-0.383026,0.329803,0
300,0.40387,-0.141113,1
301,0.127167,0.422241,0
302,0.451843,-0.045563,0
303,-0.101715,0.483948,0
304,0.364624,-0.301666,0
305,0.231445,0.338379,0
306,0.372833,0.465424,0
307,0.069855,-0.331787,0
308,0.16217,-0.468384,0
309,-0.336365,-0.446289,0
310,0.377502,-0.450958,0
311,-0.345276,-0.217133,1
312,0.218048,0.026733,1
313,-0.199738,-0.223694,1
314,0.093872,0.411163,0
315,0.05368,0.47171,0
316,-0.188934,-0.140015,1
317,0.221741,0.010498,1
318,0.255341,0.302948,0
319,-0.083527,-0.42868,0
320,0.042206,-0.116272,0
321,0.021057,0.193634,0
322,0.102905,0.376282,0
323,0.387787,-0.064758,1
324,-0.325562,-0.330475,0
325,-0.012543,0.207703,0
326,-0.33728,-0.085724,1
327,0.228455,-0.366852,0
328,-0.152405,0.425934,0
329,-0.335175,0.266205,0
330,-0.101776,-0.063232,0
331,-0.188599,-0.474823,0
332,-0.331909,0.291656,0
333,0.285461,-0.32431,0
334,-0.26239,0.180756,1
335,-0.00708,0.21106,0
336,-0.32605,0.003296,1
337,-0.421356,-0.027344,0
338,-0.023895,0.45578,0
339,-0.141327,0.354401,0
340,0.1745,-0.061432,1
341,0.454102,0.435089,0
342,0.053406,0.374634,0
343,0.344666,0.381836,0
344,0.465332,-0.465881,0
345,-0.439178,-0.030701,0
346,-0.294098,0.458557,0
347,-0.266388,-0.442688,0
348,-0.08194,0.078461,0
349,-0.279572,0.371674,0
350,0.494141,-0.382111,0
351,0.025818,0.431244,0
352,-0.054871,-0.119965,0
353,0.235901,-0.03476,1
354,0.205048,0.007416,1
355,0.185303,-0.335266,0
356,-0.160156,-0.189789,1
357,0.075134,-0.388428,0
358,0.129364,0.256989,0
359,0.260956,0.228943,1
360,0.490997,0.22113,0
361,-0.070496,0.09729,0
362,0.213959,0.076843,1
363,0.382599,-0.020966,1
364,-0.027191,0.238708,0
365,0.147522,-0.103973,1
366,0.089142,0.238129,0
367,-0.36792,-0.396332,0
368,0.009857,0.430725,0
369,-0.456573,0.304993,0
370,-0.0289,-0.071625,0
371,-0.210632,-0.050995,1
372,0.316711,-0.150391,1
373,0.080688,-0.043365,0
374,0.439148,0.481995,0
375,-0.046387,-0.281891,0
376,-0.187042,0.450562,0
377,0.430725,-0.294403,0
378,0.088104,0.485718,0
379,0.039337,-0.455017,0
380,-0.286987,-0.11554,1
381,0.406342,-0.109863,1
382,0.055573,0.259003,0
383,0.14743,0.443939,0
384,0.490875,-0.334198,0
385,0.270508,-0.030853,1
386,0.424469,-0.290375,0
387,-0.188782,-0.366272,0
388,-0.279938,-0.284302,0
389,-0.0802,-0.466431,0
390,-0.499847,-0.435913,0
391,0.117737,-0.263214,0
392,-0.211578,0.279877,0
393,-0.056854,-0.306641,0
394,-0.037109,-0.026978,0
395,-0.296387,0.353516,0
396,0.487976,0.221558,0
397,-0.444794,-0.160889,0
398,-0.104858,0.491791,0
399,-0.373718,0.011353,1
400,0.479767,-0.310425,0
401,0.405151,-0.221252,0
402,-0.315979,0.435883,0
403,0.110016,0.489136,0
404,-0.366302,0.161163,1
405,0.260193,0.249298,0
406,-0.201599,-0.388641,0
407,0.167114,-0.483765,0
408,0.243347,-0.139893,1
409,-0.435822,-0.196472,0
410,0.441589,0.420349,0
411,0.093903,-0.153198,0
412,0.115875,-0.45047,0
413,-0.128784,0.071808,1
414,0.078308,0.341553,0
415,-0.158173,-0.290985,0
416,-0.463135,-0.299988,0
417,0.154144,0.398651,0
418,-0.162628,-0.214355,1
419,0.263611,-0.370728,0
420,0.110046,0.032471,1
421,-0.011688,-0.145416,0
422,-0.211212,0.325775,0
423,0.234344,-0.368652,0
424,0.472351,0.436157,0
425,-0.389984,-0.377228,0
426,0.096222,0.30307,0
427,-0.352539,-0.18927,1
428,-0.116486,0.261688,0
429,-0.14978,-0.239197,0
430,0.044281,-0.192963,0
431,0.286041,0.283752,0
432,-0.308838,-0.011139,1
433,-0.056946,0.337341,0
434,-0.059052,0.031067,0
435,-0.431335,-0.488129,0
436,-0.32959,0.269745,0
437,0.209381,-0.056122,1
438,-0.105164,0.00296,0
439,0.170715,0.000854,1
440,0.238892,0.34668,0
441,-0.38443,-0.418518,0
442,0.467529,-0.309753,0
443,-0.479675,0.374908,0
444,-0.45343,-0.154907,0
445,0.206879,-0.077515,1
446,0.201019,0.480774,0
447,0.169586,-0.173859,1
448,0.440491,-0.05838,0
449,0.416138,-0.052887,0
450,0.019928,0.038177,0
451,0.040527,-0.061493,0
452,0.304718,-0.093018,1
453,0.247406,-0.044556,1
454,-0.491089,-0.467682,0
455,-0.453705,-0.112823,0
456,-0.224854,0.024017,1
457,0.334473,-0.046143,1
458,0.065094,0.24472,0
459,-0.41275,0.012756,0
460,0.329346,-0.119446,1
461,-0.125549,0.416931,0
462,-0.074768,-0.450958,0
463,0.421936,-0.229523,0
464,-0.248596,0.037537,1
465,0.436462,0.424072,0
466,0.068146,0.266663,0
467,0.413361,0.054382,0
468,0.471741,0.071838,0
469,-0.354919,0.171265,1
470,-0.007874,0.397003,0
471,-0.350067,-0.103455,1
472,-0.217957,-0.005707,1
473,-0.260864,-0.142181,1
474,0.367157,0.223083,1
475,0.441681,-0.458588,0
476,-0.075012,0.042664,0
477,0.005096,-0.051971,0
478,-0.437653,-0.208099,0
479,-0.308746,-0.105133,1
480,0.059204,-0.15036,0
481,0.085785,-0.192047,0
482,0.048279,-0.22998,0
483,0.140015,0.348511,0
484,0.098999,-0.014252,0
485,0.16391,-0.282928,0
486,-0.325745,-0.32605,0
487,0.489166,-0.021088,0
488,0.42926,-0.12262,0
489,0.020752,0.255035,0
490,-0.17926,0.475677,0
491,0.395935,0.121765,1
492,0.495392,0.099701,0
493,-0.030334,0.063385,0
494,0.426636,-0.416931,0
495,0.344482,0.321136,0
496,0.267944,0.044647,1
497,-0.335358,-0.01767,1
498,-0.108276,0.195404,0
499,0.39212,-0.346283,0
500,-0.417328,-0.036072,0
501,-0.215912,-0.437683,0
502,-0.146088,0.033783,1
503,-0.209656,0.427948,0
504,0.355225,0.386902,0
505,-0.410797,-0.049103,0
506,-0.158417,0.446594,0
507,0.481018,0.258423,0
508,-0.328888,-0.086273,1
509,0.357697,0.154358,1
510,-0.198975,-0.109863,1
511,0.467346,-0.485168,0
512,-0.249573,0.383057,0
513,-0.307648,-0.325531,0
514,0.498627,-0.216156,0
515,0.060089,0.146454,0
516,-0.212219,0.415253,0
517,-0.29538,-0.479736,0
518,-0.201569,-0.259125,0
519,-0.001495,-0.118835,0
520,-0.332886,0.330261,0
521,0.073181,-0.405396,0
522,-0.18573,0.173706,1
523,0.446655,-0.200195,0
524,-0.448456,0.440552,0
525,-0.022369,0.456024,0
526,-0.062805,0.274353,0
527,-0.135712,0.285309,0
528,0.348206,-0.280884,0
529,-0.093048,0.455444,0
530,-0.262115,0.369995,0
531,-0.246979,0.346985,0
532,0.048065,-0.157532,0
533,0.343201,0.247864,0
534,-0.256104,-0.346527,0
535,0.277496,0.319672,0
536,-0.059143,-0.391449,0
537,0.320068,-0.320953,0
538,0.09201,0.288574,0
539,-0.238617,-0.061981,1
540,-0.295197,-0.270264,0
541,-0.143494,0.047272,1
542,0.055664,-0.109253,0
543,0.058472,-0.214355,0
544,0.371552,0.000824,1
545,0.265198,-0.259949,0
546,0.447144,0.382385,0
547,-0.201172,0.119385,1
548,0.166016,-0.15802,1
549,0.336304,0.245911,0
550,-0.104858,0.223389,0
551,-0.490143,0.068512,0
552,0.2211,0.216644,1
553,0.396057,-0.459076,0
554,-0.003113,0.016541,0
555,-0.387573,0.208984,1
556,0.167755,-0.075378,1
557,0.240173,-0.149292,1
558,0.345581,0.488098,0
559,0.29184,-0.487366,0
560,-0.400421,0.269958,0
561,-0.057373,-0.213165,0
562,0.4328,-0.156799,0
563,0.24411,-0.328644,0
564,0.412872,0.103973,0
565,-0.460815,-0.141174,0
566,0.425751,0.496307,0
567,0.296936,-0.203674,1
568,0.021332,0.243164,0
569,-0.413971,0.360657,0
570,-0.180389,0.176697,1
571,-0.094208,0.49234,0
572,0.446014,0.262207,0
573,-0.406769,-0.36734,0
574,-0.035065,0.408966,0
575,-0.474884,0.306885,0
576,0.28006,-0.338013,0
577,0.333557,-0.301941,0
578,0.470001,0.368439,0
579,-0.145721,-0.445587,0
580,-0.471375,0.412384,0
581,0.025818,0.274841,0
582,0.478058,0.111664,0
583,-0.041229,-0.484406,0
584,0.3237,-0.129517,1
585,0.393646,0.162415,1
586,-0.180267,0.181915,1
587,0.266266,0.011475,1
588,-0.486053,0.073364,0
589,-0.40094,0.003265,1
590,0.040466,-0.4104,0
591,0.437714,0.352722,0
592,0.129517,0.406158,0
593,0.050995,0.4198,0
594,0.302643,0.167755,1
595,0.113434,-0.336121,0
596,-0.278015,-0.355072,0
597,0.088867,-0.473999,0
598,0.163116,0.302582,0
599,-0.46582,-0.41748,0
600,-0.420898,0.374756,0
601,-0.458649,-0.185913,0
602,0.225525,0.038727,1
603,0.037323,0.333496,0
604,-0.185364,-0.217377,1
605,0.15976,0.416382,0
606,-0.332428,-0.439972,0
607,0.427826,0.178223,0
608,0.333313,-0.17453,1
609,-0.073273,-0.258148,0
610,-0.356659,0.044678,1
611,0.224457,0.238708,1
612,-0.329498,-0.22702,1
613,0.239899,0.487976,0
614,-0.439178,-0.104034,0
615,-0.219238,-0.302979,0
616,-0.292725,0.125824,1
617,-0.029694,0.027374,0
618,0.234009,0.347534,0
619,0.28125,0.369324,0
620,0.26001,-0.091675,1
621,0.396149,0.169586,1
622,-0.089508,0.444031,0
623,-0.387543,-0.344818,0
624,-0.454559,0.33667,0
625,0.011322,0.297729,0
626,0.173553,0.396393,0
627,0.109009,-0.138306,1
628,-0.479614,-0.138214,0
629,0.209045,-0.119751,1
630,-0.280273,0.312469,0
631,0.174805,-0.097168,1
632,0.096588,-0.41272,0
633,-0.159637,0.357697,0
634,0.010986,0.302399,0
635,-0.220978,0.373596,0
636,0.230652,0.062469,1
637,-0.352173,0.404266,0
638,-0.197815,-0.040863,1
639,-0.172791,-0.000793,1
640,-0.111237,0.450287,0
641,-0.425934,-0.435242,0
642,-0.456635,0.213867,0
643,0.40744,0.45932,0
644,-0.113403,0.070251,0
645,-0.054657,0.266113,0
646,-0.342865,-0.433502,0
647,-0.088593,-0.412598,0
648,-0.395752,0.316559,0
649,-0.469757,0.204193,0
650,-0.309082,-0.308838,0
651,0.030396,-0.055328,0
652,-0.424103,-0.049072,0
653,0.473175,0.10553,0
654,0.34436,0.416656,0
655,-0.373413,-0.230408,0
656,-0.045227,-0.229492,0
657,0.102966,-0.136017,0
658,0.371735,0.081818,1
659,0.478912,0.30191,0
660,-0.147064,-0.348938,0
661,-0.383484,0.05249,1
662,0.359192,0.266235,0
663,-0.095642,0.481903,0
664,-0.443787,-0.035217,0
665,-0.36264,-0.190186,1
666,0.377106,-0.104553,1
667,0.253906,0.024719,1
668,-0.386078,0.37323,0
669,-0.350739,0.102203,1
670,-0.492523,-0.278442,0
671,0.283752,-0.130554,1
672,-0.196198,-0.004608,1
673,0.30481,0.360168,0
674,0.246246,0.178741,1
675,0.401276,0.003418,1
676,-0.028137,-0.049316,0
677,-0.390991,0.490143,0
678,-0.21933,-0.386444,0
679,-0.213745,-0.338684,0
680,-0.252899,0.276764,0
681,-0.022156,0.26123,0
682,0.141541,-0.109467,1
683,0.38681,-0.100372,1
684,0.131531,0.222687,1
685,0.171967,0.066925,1
686,0.230743,0.372681,0
687,-0.20932,-0.454407,0
688,-0.035095,-0.083344,0
689,0.105164,0.06189,0
690,-0.276642,0.276794,0
691,-0.028809,-0.478394,0
692,0.264587,0.409241,0
693,-0.471954,-0.326477,0
694,-0.154816,0.404114,0
695,-0.091614,-0.455658,0
696,0.440369,0.091187,0
697,-0.413361,0.488831,0
698,0.025055,0.245575,0
699,0.085083,0.199036,0
700,0.384399,0.486359,0
701,0.255859,-0.483948,0
702,0.422119,0.462524,0
703,-0.141968,0.388611,0
704,0.435883,0.4198,0
705,-0.351715,-0.178558,1
706,0.328156,-0.257996,0
707,-0.29599,0.15802,1
708,0.22113,-0.43927,0
709,0.197632,-0.459106,0
710,0.445099,0.027313,0
711,0.34082,-0.106567,1
712,0.368195,0.340393,0
713,-0.282623,0.266815,0
714,0.03714,0.123383,0
715,-0.27652,-0.103699,1
716,0.096832,0.245056,0
717,0.33432,-0.190308,1
718,-0.041718,-0.322632,0
719,-0.084717,0.332794,0
720,-0.316711,0.4841,0
721,0.297241,0.334839,0
722,-0.445435,-0.465942,0
723,-0.166107,-0.442078,0
724,-0.199738,0.032806,1
725,-0.339539,-0.125763,1
726,0.441437,0.466309,0
727,-0.127594,-0.185242,1
728,-0.268494,0.050507,1
729,-0.157532,0.213104,1
730,0.156067,0.280548,0
731,0.395538,0.308563,0
732,0.461975,-0.32663,0
733,0.059418,0.151672,0
734,-0.315247,0.297272,0
735,0.110596,-0.34375,0
736,-0.357574,0.182495,1
737,-0.366211,0.141907,1
738,-0.134735,0.206421,1
739,0.31369,-0.289673,0
740,0.429413,-0.453094,0
741,0.17804,0.299286,0
742,-0.335938,0.298004,0
743,0.010681,-0.24173,0
744,0.199982,0.3414,0
745,-0.346893,-0.210663,1
746,0.328827,0.067413,1
747,-0.086517,0.096771,0
748,0.141693,0.039551,1
749,0.302002,-0.41037,0
750,0.41571,0.195953,0
751,0.310944,-0.019196,1
752,-0.282654,-0.318207,0
753,0.458496,-0.37381,0
754,-0.308411,-0.093658,1
755,-0.184967,-0.052032,1
756,0.004852,-0.081757,0
757,0.23056,0.285492,0
758,-0.08844,-0.306915,0
759,-0.018005,-0.482269,0
760,-0.087952,0.426697,0
761,0.059174,0.300995,0
762,0.471252,0.428101,0
763,-0.19165,0.265503,0
764,0.266632,-0.294281,0
765,0.151703,0.014893,1
766,-0.065918,-0.158997,0
767,0.10199,0.272003,0
768,-0.219147,0.242462,1
769,-0.209381,0.014984,1
770,0.433716,0.374725,0
771,-0.271667,-0.052612,1
772,-0.108429,0.055695,0
773,-0.482971,0.146118,0
774,-0.048737,0.415924,0
775,-0.268616,0.23053,1
776,0.474884,-0.3862,0
777,0.189362,-0.102844,1
778,0.467834,-0.099609,0
779,0.329865,0.163177,1
780,0.436096,0.127686,0
781,-0.08316,0.162628,0
782,-0.008362,0.293671,0
783,-0.211823,-0.160797,1
784,0.1745,0.21875,1
785,-0.131805,0.379303,0
786,0.460541,-0.05365,0
787,0.162689,-0.271149,0
788,-0.076691,-0.037994,0
789,-0.044861,0.038147,0
790,-0.480743,-0.175323,0
791,-0.077301,0.377899,0
792,-0.035583,0.303802,0
793,0.391052,-0.429169,0
794,0.171814,-0.384064,0
795,0.446533,0.481934,0
796,-0.281769,-0.14505,1
797,0.124542,-0.388367,0
798,0.308777,0.208984,1
799,0.392731,0.33548,0
800,-0.291412,0.058685,1
801,0.148041,-0.366028,0
802,0.109711,-0.450348,0
803,-0.053986,-0.343658,0
804,0.402557,-0.266418,0
805,-0.318634,-0.03772,1
806,0.320374,-0.128754,1
807,-0.061523,-0.21521,0
808,-0.074707,-0.008423,0
809,0.230438,0.15863,1
810,0.405243,0.300049,0
811,-0.154358,0.257629,0
812,-0.350098,-0.469147,0
813,-0.47937,-0.215485,0
814,-0.425232,-0.164246,0
815,-0.342438,-0.242371,0
816,-0.33783,0.303955,0
817,0.305664,-0.462494,0
818,-0.312408,-0.293152,0
819,-0.375092,0.437653,0
820,0.100555,-0.439392,0
821,0.050964,-0.236969,0
822,0.028198,0.101318,0
823,-0.119934,-0.380127,0
824,0.371002,0.265747,0
825,0.492401,0.341003,0
826,-0.041077,0.271851,0
827,-0.066803,-0.130066,0
828,0.236725,-0.107513,1
829,0.069733,-0.052307,0
830,0.44751,0.016449,0
831,0.043396,0.446259,0
832,-0.21698,-0.409882,0
833,0.235382,-0.307739,0
834,0.469391,-0.466064,0
835,0.464783,0.124298,0
836,0.257294,-0.27298,0
837,-0.362091,0.128601,1
838,0.285065,-0.345764,0
839,-0.432495,0.39563,0
840,-0.216309,-0.191315,1
841,0.180603,-0.35788,0
842,-0.407684,0.444122,0
843,-0.166107,0.042206,1
844,-0.046967,-0.22937,0
845,-0.04483,0.211212,0
846,-0.446259,0.187408,0
847,-0.270355,0.085693,1
848,0.28775,-0.353607,0
849,0.050201,-0.455811,0
850,-0.301025,-0.25943,0
851,0.449738,0.111542,0
852,-0.418488,-0.389465,0
853,0.234863,-0.408966,0
854,-0.297974,0.263214,0
855,-0.460388,-0.031769,0
856,0.114258,0.396545,0
857,-0.482513,0.429871,0
858,0.033722,0.323517,0
859,0.391327,-0.158356,1
860,-0.257996,0.089844,1
861,-0.420959,-0.471069,0
862,0.488922,0.378632,0
863,-0.385468,-0.29599,0
864,-0.138397,0.295776,0
865,0.08194,0.383179,0
866,-0.411011,-0.36972,0
867,0.282654,0.138367,1
868,0.250702,-0.317444,0
869,-0.146606,-0.473999,0
870,-0.141022,0.255127,0
871,0.053986,-0.462311,0
872,-0.21756,-0.100861,1
873,-0.055817,-0.084045,0
874,-0.019836,0.010315,0
875,0.167664,-0.320923,0
876,0.015472,-0.131561,0
877,-0.437775,-0.301483,0
878,-0.182709,0.213898,1
879,0.314972,-0.326996,0
880,-0.341309,0.455048,0
881,-0.118896,0.342712,0
882,0.320801,0.10025,1
883,0.385193,0.287567,0
884,-0.088928,-0.49176,0
885,-0.276367,0.153015,1
886,0.304474,-0.449371,0
887,0.086914,-0.352356,0
888,-0.323395,0.280151,0
889,0.120636,0.155792,1
890,0.097443,0.198669,0
891,0.444,0.309143,0
892,-0.345978,0.218506,1
893,-0.255676,0.361267,0
894,0.071747,-0.089264,0
895,0.166656,-0.291718,0
896,0.301758,0.134644,1
897,0.21698,0.400116,0
898,0.044617,-0.358551,0
899,-0.102264,-0.014374,0
900,-0.322327,-0.253418,0
901,0.294617,-0.464722,0
902,-0.444183,-0.335846,0
903,0.333496,0.185547,1
904,0.153961,-0.403076,0
905,-0.074524,0.048523,0
906,0.02002,0.176422,0
907,0.220001,-0.169708,1
908,0.00708,0.345795,0
909,0.183624,0.002289,1
910,-0.245972,0.280457,0
911,0.22406,-0.130859,1
912,-0.117615,0.438873,0
913,0.077637,0.376434,0
914,-0.120728,0.338593,0
915,-0.320648,0.002838,1
916,0.134186,0.150269,1
917,0.23407,-0.420197,0
918,0.099152,-0.296204,0
919,0.20752,0.38266,0
920,0.040466,0.00061,0
921,0.456146,0.337097,0
922,0.351166,-0.174896,1
923,0.214233,-0.315399,0
924,-0.107269,-0.450073,0
925,0.157318,-0.0495,1
926,0.334595,-0.271973,0
927,0.260376,-0.441315,0
928,-0.039093,-0.434296,0
929,-0.33017,-0.063568,1
930,-0.087524,-0.129822,0
931,0.308014,0.453217,0
932,0.33316,-0.434326,0
933,0.428436,0.037323,0
934,0.389252,0.371521,0
935,-0.158417,-0.186127,1
936,-0.369263,-0.263977,0
937,0.028778,-0.391815,0
938,-0.337036,-0.379883,0
939,-0.136047,-0.342041,0
940,-0.402191,0.224182,0
941,0.161163,0.378448,0
942,0.252625,0.252289,0
943,-0.232513,-0.476257,0
944,-0.433685,-0.193115,0
945,0.419128,-0.411316,0
946,0.200562,-0.491638,0
947,0.080261,-0.205475,0
948,-0.204224,-0.066956,1
949,-0.017059,-0.497711,0
950,-0.150269,-0.037048,1
951,0.086975,0.397919,0
952,-0.311768,0.141846,1
953,0.178284,0.292175,0
954,0.496155,-0.369507,0
955,0.325104,-0.119934,1
956,-0.12204,-0.144379,1
957,-0.090149,0.302521,0
958,-0.083862,0.44574,0
959,-0.043823,-0.145111,0
960,0.196442,-0.452087,0
961,-0.030182,-0.314514,0
962,-0.231262,0.119171,1
963,0.011536,-0.171753,0
964,-0.487915,0.286285,0
965,0.221588,0.412994,0
966,-0.127045,0.367493,0
967,-0.486237,0.397217,0
968,0.445129,-0.349579,0
969,-0.341644,-0.336731,0
970,0.36026,-0.480865,0
971,0.472534,-0.175751,0
972,-0.042419,0.025085,0
973,0.336639,-0.417206,0
974,-0.298187,0.494659,0
975,-0.244202,-0.01358,1
976,-0.182159,0.268036,0
977,0.184875,0.422882,0
978,-0.38916,0.162292,1
979,-0.164032,-0.300323,0
980,-0.059235,-0.246948,0
981,-0.312927,0.051331,1
982,-0.180054,0.068329,1
983,0.410797,0.417999,0
984,-0.397644,-0.212128,1
985,0.441406,-0.160614,0
986,-0.266449,-0.457397,0
987,-0.100311,0.307678,0
988,-0.470276,0.407074,0
989,-0.406311,-0.076813,1
990,-0.044891,0.179108,0
991,-0.185364,-0.303558,0
992,-0.134186,-0.459717,0
993,0.146149,-0.159363,1
994,-0.310455,-0.308807,0
995,0.006409,-0.102173,0
996,0.009338,-0.445129,0
997,0.1409,-0.456879,0
998,0.020569,0.142303,0
999,-0.214386,0.410217,0
1000,0.32959,0.174072,1
1001,-0.281433,-0.217834,1
1002,0.063019,-0.44873,0
1003,-0.081177,0.491211,0
1004,-0.243713,-0.230042,0
1005,0.051849,-0.128784,0
1006,-0.009796,-0.127197,0
1007,0.499542,0.106781,0
1008,0.244415,0.031372,1
1009,0.154175,-0.177673,1
1010,-0.063751,0.353119,0
1011,-0.305511,0.255432,0
1012,0.114044,0.006836,1
1013,-0.436737,-0.142212,0
1014,-0.226593,0.260132,0
1015,0.364563,-0.332458,0
1016,0.265259,-0.477356,0
1017,-0.10025,0.297058,0
1018,-0.235504,-0.010834,1
1019,-0.439056,-0.120483,0
1020,0.267883,-0.024231,1
1021,0.300659,-0.181671,1
1022,0.090118,-0.456665,0
1023,-0.103729,-0.317017,0
1024,0.326447,-0.498199,0
1025,-0.27179,0.095215,1
1026,0.251099,0.388977,0
1027,-0.209381,-0.050964,1
1028,0.119873,-0.482056,0
1029,0.153168,-0.191406,1
1030,0.345795,-0.313812,0
1031,-0.407318,-0.172516,1
1032,-0.483459,-0.359009,0
1033,-0.386353,0.033234,1
1034,0.222443,-0.105804,1
1035,-0.424164,0.320984,0
1036,0.163879,-0.019684,1
1037,0.14856,-0.000427,1
1038,-0.4935,-0.248047,0
1039,-0.190765,0.234406,1
1040,-0.046539,-0.194183,0
1041,-0.393707,0.230377,0
1042,-0.497009,-0.366455,0
1043,-0.0961,0.498901,0
1044,0.360565,-0.40918,0
1045,0.328308,0.052521,1
1046,-0.026184,0.278625,0
1047,-0.36618,-0.128815,1
1048,-0.340637,0.430206,0
1049,-0.292358,0.483612,0
1050,-0.209808,-0.102081,1
1051,0.432007,0.007751,0
1052,0.01239,-0.166809,0
1053,-0.377441,0.493835,0
1054,0.459869,-0.346313,0
1055,-0.238342,-0.085876,1
1056,0.43573,-0.108582,0
1057,-0.254761,-0.357391,0
1058,-0.470428,-0.484741,0
1059,0.362244,-0.230988,0
1060,-0.361389,-0.17804,1
1061,-0.274841,0.090271,1
1062,-0.137695,0.489349,0
1063,0.370514,0.123596,1
1064,-0.261597,-0.114838,1
1065,0.247894,-0.015167,1
1066,-0.210297,0.225677,1
1067,0.316681,0.475677,0
1068,-0.149719,-0.322357,0
1069,-0.031403,0.223724,0
1070,0.139374,-0.002655,1
1071,-0.004517,0.218933,0
1072,-0.447632,-0.199615,0
1073,0.320557,-0.409546,0
1074,0.137238,0.056335,1
1075,0.21225,-0.032837,1
1076,0.22525,-0.09848,1
1077,0.198975,0.266357,0
1078,0.184845,0.364014,0
1079,0.404083,0.253448,0
1080,0.267059,0.094482,1
1081,-0.480652,-0.282654,0
1082,-0.48819,-0.303436,0
1083,0.135864,-0.395569,0
1084,0.183167,-0.249207,0
1085,-0.348816,-0.044434,1
1086,-0.296967,0.125397,1
1087,0.471344,-0.010559,0
1088,-0.448853,-0.331818,0
1089,-0.273438,0.176178,1
1090,0.101135,-0.127258,0
1091,0.21933,-0.355133,0
1092,-0.139526,-0.386536,0
1093,-0.17627,-0.230988,0
1094,0.083771,-0.457947,0
1095,0.054626,0.273193,0
1096,0.22757,0.24054,0
1097,0.025665,-0.294678,0
1098,0.215973,-0.276581,0
1099,-0.485657,-0.382599,0
1100,-0.014587,0.383423,0
1101,0.353729,0.2995,0
1102,0.277496,-0.025818,1
1103,-0.131226,0.409973,0
1104,0.14859,-0.27594,0
1105,-0.423737,0.345856,0
1106,0.165131,0.174225,1
1107,-0.132416,-0.302643,0
1108,-0.246979,-0.164581,1
1109,-0.10791,-0.369812,0
1110,-0.329834,0.256592,0
1111,0.360962,-0.460968,0
1112,0.070801,-0.400513,0
1113,0.489227,-0.18335,0
1114,0.130493,0.312866,0
1115,-0.204407,0.081696,1
1116,-0.299866,9.2e-05,1
1117,-0.021667,-0.290619,0
1118,-0.041748,0.0737,0
1119,-0.414124,0.008606,0
1120,-0.46994,0.291016,0
1121,-0.298523,-0.110748,1
1122,0.041931,-0.235779,0
1123,0.359894,0.363708,0
1124,-0.419617,-0.461121,0
1125,-0.084381,-0.274353,0
1126,0.023834,0.334534,0
1127,0.080627,-0.249115,0
1128,-0.283508,-0.458862,0
1129,-0.148804,-0.236969,0
1130,0.452393,0.065216,0
1131,0.041901,-0.091766,0
1132,0.239197,0.11911,1
1133,-0.354187,0.482788,0
1134,-0.190491,-0.452271,0
1135,-0.260345,-0.342865,0
1136,0.349548,-0.214203,1
1137,0.15271,0.439972,0
1138,0.412903,0.039948,0
1139,-0.38208,0.226593,1
1140,0.48877,-0.210999,0
1141,-0.375549,-0.225128,1
1142,0.19342,0.196533,1
1143,-0.310059,-0.047516,1
1144,-0.446991,-0.470825,0
1145,0.271515,0.099854,1
1146,0.347443,0.174561,1
1147,0.034241,0.351654,0
1148,-0.016815,0.352539,0
1149,-0.30423,-0.238892,0
1150,-0.135773,0.1138,1
1151,0.165802,-0.428833,0
1152,-0.270081,-0.281097,0
1153,0.199249,0.47525,0
1154,-0.071838,-0.007629,0
1155,0.282043,0.212616,1
1156,0.093231,-0.25528,0
1157,-0.032379,0.341064,0
1158,0.196198,-0.143005,1
1159,0.384003,-0.468719,0
1160,0.437592,0.120941,0
1161,0.128815,0.226349,0
1162,-0.049835,0.428741,0
1163,0.2724,0.010315,1
1164,-0.218475,0.406219,0
1165,-0.313416,-0.470551,0
1166,0.124115,0.083221,1
1167,0.418732,0.309998,0
1168,0.262665,-0.305389,0
1169,0.329163,0.316132,0
1170,0.206665,0.206207,1
1171,-0.288666,-0.40802,0
1172,0.477478,-0.341278,0
1173,0.112854,-0.168762,1
1174,0.018311,-0.075897,0
1175,0.076599,0.218445,0
1176,-0.303894,-0.03241,1
1177,0.020538,0.385376,0
1178,0.363831,0.209351,1
1179,-0.025146,-0.173615,0
1180,-0.047729,0.079681,0
1181,0.395325,-0.383331,0
1182,-0.440369,0.360962,0
1183,-0.228363,-0.223267,1
1184,0.008118,0.410889,0
1185,0.249237,0.127472,1
1186,-0.164001,-0.140076,1
1187,-0.016235,-0.021271,0
1188,0.19397,-0.122559,1
1189,0.446594,0.496124,0
1190,-0.385468,-0.400269,0
1191,0.400299,0.088959,1
1192,0.12326,-0.186066,1
1193,-0.237183,-0.336365,0
1194,-0.339539,0.49176,0
1195,0.078857,0.085754,0
1196,0.282349,0.266235,0
1197,-0.182129,-0.304657,0
1198,0.109985,0.445862,0
1199,0.216492,0.218201,1
1200,0.495331,-0.340515,0
1201,-0.115021,-0.082245,1
1202,0.37262,-0.274231,0
1203,-0.104126,0.330627,0
1204,0.264008,-0.158905,1
1205,-0.425934,0.430206,0
1206,-0.091492,-0.320465,0
1207,-0.293549,-0.438477,0
1208,-0.017517,0.498657,0
1209,0.390564,-0.008484,1
1210,-0.119171,-0.154968,1
1211,0.240448,0.41803,0
1212,0.027313,-0.047058,0
1213,0.168793,0.28186,0
1214,-0.316864,0.43042,0
1215,0.463959,0.224976,0
1216,-0.277863,0.325897,0
1217,0.380676,-0.460693,0
1218,0.341614,0.169678,1
1219,-0.036896,-0.050842,0
1220,0.177521,0.083588,1
1221,0.319275,-0.428314,0
1222,-0.207489,-0.447083,0
1223,0.065125,0.39859,0
1224,0.005951,-0.045898,0
1225,0.157471,0.143219,1
1226,0.034454,0.432007,0
1227,-0.165649,-0.203369,1
1228,-0.088409,0.220642,0
1229,-0.11853,-0.263702,0
1230,0.155792,0.000916,1
1231,-0.056488,-0.268646,0
1232,0.155029,0.389404,0
1233,0.099365,-0.311859,0
1234,0.236908,0.151367,1
1235,0.419586,0.479614,0
1236,-0.10672,0.232605,0
1237,-0.275085,-0.297424,0
1238,0.127655,0.203033,1
1239,0.265106,-0.293671,0
1240,0.394592,0.20639,0
1241,-0.46405,-0.263336,0
1242,0.099609,0.009277,0
1243,-0.045898,-0.461304,0
1244,0.128235,0.243835,0
1245,-0.392029,0.262543,0
1246,0.373383,0.437408,0
1247,-0.196686,0.015442,1
1248,-0.27066,-0.077057,1
1249,-0.377106,-0.095917,1
1250,-0.478851,0.224304,0
1251,0.21817,-0.088989,1
1252,-0.161224,0.009583,1
1253,0.05249,0.448578,0
1254,-0.256226,0.206818,1
1255,-0.186035,-0.065277,1
1256,-0.181915,0.375397,0
1257,0.217102,0.23349,1
1258,0.023285,-0.072815,0
1259,0.411926,0.305084,0
1260,0.339142,0.290894,0
1261,0.219147,-0.091797,1
1262,0.150177,-0.386383,0
1263,-0.089691,-0.300934,0
1264,-0.150879,0.093323,1
1265,-0.248291,-0.429321,0
1266,-0.374268,-0.464294,0
1267,0.030487,-0.42392,0
1268,-0.089722,0.229706,0
1269,-0.217804,0.279205,0
1270,0.439453,-0.265137,0
1271,-0.061951,-0.122559,0
1272,0.414856,-0.325256,0
1273,0.110931,-0.060852,1
1274,-0.278687,0.129822,1
1275,-0.261139,0.100494,1
1276,-0.325073,-0.276154,0
1277,-0.195374,-0.435364,0
1278,0.269104,-0.002869,1
1279,-0.14978,-0.252228,0
1280,0.387146,0.161011,1
1281,-0.494843,-0.084808,0
1282,-0.049164,-0.173431,0
1283,0.246948,0.151367,1
1284,0.472717,-0.198059,0
1285,-0.386963,-0.49231,0
1286,-0.017944,-0.448364,0
1287,-0.417603,-0.328033,0
1288,-0.207916,0.411835,0
1289,0.346008,0.002808,1
1290,0.078156,0.15506,0
1291,0.184631,0.273254,0
1292,-0.265045,-0.001495,1
1293,-0.327271,-0.033081,1
1294,0.481842,-0.3508,0
1295,-0.07251,0.470917,0
1296,-0.314972,0.480255,0
1297,0.121246,0.008728,1
1298,-0.134705,0.43158,0
1299,-0.023346,-0.342865,0
1300,0.359863,-0.271088,0
1301,0.462708,0.291016,0
1302,0.107574,0.015259,0
1303,0.410858,-0.2005,0
1304,0.025696,-0.012238,0
1305,0.269806,0.417389,0
1306,-0.052856,0.13446,0
1307,-0.282227,-0.484497,0
1308,-0.412659,-0.335571,0
1309,0.350586,-0.306061,0
1310,-0.491089,0.224854,0
1311,0.165283,-0.478424,0
1312,-0.44696,0.499084,0
1313,0.056793,-0.233978,0
1314,-0.293243,0.279205,0
1315,0.047516,0.457367,0
1316,-0.125793,0.107117,1
1317,0.467682,-0.370117,0
1318,-0.479065,0.077667,0
1319,-0.194031,0.084991,1
1320,-0.33963,-0.1026,1
1321,0.448486,0.019531,0
1322,0.150238,-0.206635,1
1323,0.025482,-0.136841,0
1324,-0.231049,0.36496,0
1325,-0.415985,0.168304,0
1326,0.039459,-0.0271,0
1327,0.305542,-0.103455,1
1328,0.270233,-0.240814,0
1329,-0.012665,-0.054382,0
1330,-0.218323,-0.108337,1
1331,0.006134,0.259857,0
1332,-0.213013,0.12674,1
1333,-0.016785,0.368805,0
1334,-0.104309,0.284454,0
1335,-0.130951,-0.302887,0
1336,-0.290497,-0.27063,0
1337,-0.333069,0.489685,0
1338,0.478271,0.450867,0
1339,-0.486145,-0.304138,0
1340,0.2854,-0.162872,1
1341,0.337646,-0.343658,0
1342,-0.268524,-0.264191,0
1343,-0.19101,-0.063568,1
1344,-0.415619,-0.103882,0
1345,-0.192902,0.149841,1
1346,0.365173,0.384918,0
1347,0.11792,0.116119,1
1348,0.338196,0.071655,1
1349,-0.416718,0.196014,0
1350,-0.125824,-0.224915,0
1351,0.420197,0.148346,0
1352,-0.344666,0.166046,1
1353,-0.071167,0.35199,0
1354,-0.309296,0.019836,1
1355,0.307587,-0.263,0
1356,-0.388947,-0.088287,1
1357,-0.2052,0.268188,0
1358,0.2117,-0.050079,1
1359,-0.144958,0.325562,0
1360,-0.287903,-0.360901,0
1361,-0.370789,-0.175262,1
1362,-0.298859,0.468719,0
1363,0.366974,0.421387,0
1364,0.236542,0.31958,0
1365,0.060547,-0.356537,0
1366,0.067474,0.282654,0
1367,-0.00177,0.294861,0
1368,0.44873,-0.016418,0
1369,0.456543,-0.025574,0
1370,-0.484161,0.006805,0
1371,0.250183,0.05368,1
1372,-0.310974,-0.486664,0
1373,0.357574,-0.042297,1
1374,0.075531,-0.354767,0
1375,0.341919,0.09201,1
1376,0.338623,-0.188873,1
1377,-0.21463,0.260101,0
1378,0.002228,0.446472,0
1379,0.456177,-0.085297,0
1380,-0.340424,0.34198,0
1381,0.426575,0.086914,0
1382,0.055389,0.134125,0
1383,-0.139313,0.33667,0
1384,-0.49057,0.051788,0
1385,-0.308685,-0.431396,0
1386,-0.349304,-0.487823,0
1387,-0.096069,0.056824,0
1388,-0.068848,-0.339691,0
1389,-0.353149,-0.477539,0
1390,-0.112793,0.445526,0
1391,-0.113464,-0.392426,0
1392,-0.381927,0.328949,0
1393,-0.173828,-0.410553,0
1394,0.449799,0.215454,0
1395,-0.19281,-0.321167,0
1396,0.25351,-0.29599,0
1397,-0.088501,-0.25415,0
1398,0.386566,0.250153,0
1399,-0.016113,-0.182587,0
1400,-0.2742,0.334351,0
1401,0.292999,0.189941,1
1402,-0.238953,0.230011,1
1403,-0.450195,-0.498932,0
1404,0.218109,0.46463,0
1405,-0.497772,-0.396149,0
1406,0.179688,-0.431671,0
1407,-0.175415,-0.41214,0
1408,0.173187,0.203094,1
1409,-0.479095,-0.2099,0
1410,0.194061,0.266602,0
1411,-0.439606,0.140289,0
1412,0.133301,0.064606,1
1413,-0.035645,-0.316528,0
1414,-0.421692,0.145081,0
1415,0.062927,-0.375458,0
1416,0.455078,-0.111389,0
1417,0.140259,-0.262329,0
1418,0.481415,0.448151,0
1419,0.187561,0.484772,0
1420,-0.100769,0.132172,0
1421,-0.018005,-0.313019,0
1422,0.454681,-0.175049,0
1423,0.210541,0.092163,1
1424,0.095581,-0.462219,0
1425,-0.142426,-0.316895,0
1426,0.353851,-0.315338,0
1427,-0.42511,0.069305,0
1428,-0.117249,0.176453,0
1429,0.252869,-0.193207,1
1430,0.116669,-0.072876,1
1431,-0.488403,-0.010681,0
1432,-0.476868,-0.134277,0
1433,0.330505,-0.045349,1
1434,0.41507,0.048218,0
1435,-0.464264,0.450104,0
1436,-0.207397,-0.037537,1
1437,0.363342,0.100677,1
1438,0.182648,-0.379639,0
1439,-0.182434,-0.47641,0
1440,-0.054504,-0.469025,0
1441,0.042969,-0.066772,0
1442,0.016876,0.148041,0
1443,0.428558,-0.420074,0
1444,-0.445709,-0.113983,0
1445,-0.336517,-0.133453,1
1446,0.456543,0.298126,0
1447,0.462463,0.486633,0
1448,0.22467,-0.489502,0
1449,0.179932,0.427551,0
1450,0.134033,-0.494507,0
1451,0.031586,0.182953,0
1452,0.18515,0.348816,0
1453,0.142029,0.017578,1
1454,-0.197205,-0.0466,1
1455,0.137634,-0.371033,0
1456,-0.247986,0.474518,0
1457,-0.497345,0.049042,0
1458,0.239471,-0.070984,1
1459,0.41803,0.129883,0
1460,-0.33078,0.133423,1
1461,0.301422,0.457214,0
1462,0.021454,-0.446198,0
1463,-0.233124,0.035217,1
1464,0.32312,0.161621,1
1465,0.22345,-0.413147,0
1466,0.179077,-0.11087,1
1467,-0.168915,-0.187073,1
1468,-0.167572,-0.22171,1
1469,0.032745,0.454041,0
1470,-0.276917,0.416565,0
1471,0.381409,0.498871,0
1472,0.012939,-0.246185,0
1473,-0.11911,0.382843,0
1474,0.046814,-0.106476,0
1475,-0.441254,-0.479248,0
1476,0.217468,-0.047333,1
1477,0.490692,0.016998,0
1478,0.203766,-0.416473,0
1479,-0.005096,-0.102509,0
1480,0.050659,0.251434,0
1481,0.214691,-0.293335,0
1482,0.059723,-0.138062,0
1483,-0.19101,-0.186554,1
1484,-0.041168,-0.168304,0
1485,-0.03125,0.270172,0
1486,0.32019,0.196167,1
1487,0.478363,-0.432404,0
1488,-0.305176,-0.151855,1
1489,0.040741,0.130646,0
1490,0.432831,-0.498718,0
1491,-0.415253,-0.102264,0
1492,-0.342163,0.471405,0
1493,-0.226013,-0.172089,1
1494,0.364563,-0.129517,1
1495,0.435333,-0.320312,0
1496,0.108215,0.306061,0
1497,0.126068,-0.095062,1
1498,0.254242,-0.319489,0
1499,-0.441162,0.001648,0
1500,0.257507,0.183624,1
1501,0.102203,0.1698,0
1502,-0.060364,0.072174,0
1503,0.07666,-0.386749,0
1504,0.232971,0.330536,0
1505,0.063965,0.332306,0
1506,0.360107,-0.194244,1
1507,-0.051025,-0.250153,0
1508,-0.082245,-0.088928,0
1509,-0.087189,0.015656,0
1510,-0.16629,0.491516,0
1511,0.095734,0.331757,0
1512,-0.334534,-0.054626,1
1513,0.148773,0.143311,1
1514,0.209625,0.19519,1
1515,0.392853,-0.461578,0
1516,-0.109741,-0.397644,0
1517,-0.196045,-0.299438,0
1518,-0.104401,0.418427,0
1519,-0.456726,-0.24234,0
1520,-0.468567,-0.132294,0
1521,0.251099,-0.128723,1
1522,-0.239929,0.454163,0
1523,-0.176971,-0.090088,1
1524,0.393494,-0.413147,0
1525,-0.11264,-0.450256,0
1526,-0.090271,0.11734,0
1527,-0.297546,0.1474,1
1528,0.36084,-0.117004,1
1529,-0.307312,0.227234,1
1530,0.341705,-0.149902,1
1531,0.342072,-0.071625,1
1532,0.487732,-0.050049,0
1533,-0.336456,0.253784,1
1534,0.471008,0.202393,0
1535,-0.036133,0.46637,0
1536,-0.036987,0.220154,0
1537,0.12146,0.474945,0
1538,-0.467133,-0.3125,0
1539,0.097321,-0.445618,0
1540,-0.049957,-0.092285,0
1541,-0.103363,0.243408,0
1542,-0.140015,0.012329,1
1543,-0.299469,-0.235962,0
1544,0.301514,-0.073669,1
1545,0.386505,-0.194122,1
1546,0.034943,-0.316986,0
1547,0.156219,0.019928,1
1548,0.149292,0.18222,1
1549,0.48941,0.064636,0
1550,-0.082367,-0.014587,0
1551,0.142883,-0.451263,0
1552,0.369263,0.242126,0
1553,0.413086,-0.285706,0
1554,-0.452606,0.340454,0
1555,0.380981,0.203522,1
1556,-0.078857,0.376312,0
1557,0.358337,-0.246368,0
1558,-0.079437,0.034637,0
1559,0.253815,0.162903,1
1560,0.063416,-0.023529,0
1561,0.077606,0.372162,0
1562,-0.35733,0.325592,0
1563,0.303802,0.005188,1
1564,0.443054,0.348724,0
1565,0.308563,0.211914,1
1566,0.455872,-0.077515,0
1567,-0.396454,0.157837,1
1568,0.060486,-0.118378,0
1569,0.082733,0.00415,0
1570,-0.358704,-0.158508,1
1571,0.001831,-0.278595,0
1572,0.109283,-0.410919,0
1573,-0.091064,-0.418884,0
1574,0.296295,-0.363831,0
1575,0.244843,-0.331085,0
1576,-0.308777,0.02829,1
1577,-0.167816,0.262726,0
1578,0.486847,0.003143,0
1579,-0.027893,0.420105,0
1580,0.405884,-0.407196,0
1581,0.366943,-0.381775,0
1582,0.274994,-0.237579,0
1583,-0.412231,-0.209534,0
1584,-0.184296,0.18042,1
1585,0.305939,-0.396973,0
1586,-0.379028,0.21283,1
1587,0.006561,0.315735,0
1588,-0.214294,0.236206,1
1589,0.403687,0.070374,1
1590,0.160736,-0.13739,1
1591,0.274933,-0.049194,1
1592,-0.301666,0.17041,1
1593,-0.06488,-0.34198,0
1594,-0.141693,-0.46521,0
1595,0.067108,0.144226,0
1596,-0.456604,0.151459,0
1597,0.129059,0.049957,1
1598,-0.467102,-0.152313,0
1599,0.056274,0.287231,0
1600,-0.117218,0.273987,0
1601,0.47702,-0.386719,0
1602,0.261566,0.070435,1
1603,0.160553,-0.461945,0
1604,-0.309601,0.101624,1
1605,-0.083435,0.409637,0
1606,-0.343719,0.353302,0
1607,-0.335815,0.021027,1
1608,0.066986,-0.414795,0
1609,-0.109924,-0.417816,0
1610,0.01651,0.333313,0
1611,0.213593,0.401031,0
1612,-0.170044,0.35556,0
1613,0.27832,0.117218,1
1614,0.356323,0.114624,1
1615,-0.311523,-0.167542,1
1616,-0.02179,0.391541,0
1617,0.208984,-0.019104,1
1618,0.306946,-0.375946,0
1619,-0.052094,0.2836,0
1620,0.032104,0.063049,0
1621,-0.259766,-0.369141,0
1622,-0.106018,0.341461,0
1623,0.451416,0.235779,0
1624,0.248047,-0.451172,0
1625,0.419495,-0.096802,0
1626,0.189758,0.405365,0
1627,-0.244934,-0.242401,0
1628,-0.291321,-0.370361,0
1629,-0.283173,0.273865,0
1630,-0.159271,0.093231,1
1631,-0.117401,-0.045776,1
1632,0.287354,-0.143829,1
1633,0.333618,0.495667,0
1634,0.469818,-0.322906,0
1635,-0.428467,-0.208588,0
1636,0.488281,0.091858,0
1637,0.386261,-0.390198,0
1638,-0.046326,-0.346039,0
1639,0.394135,0.294983,0
1640,0.161255,0.431091,0
1641,0.464508,0.332672,0
1642,-0.424927,0.351227,0
1643,-0.246277,0.124847,1
1644,0.0914,0.492004,0
1645,-0.434601,-0.182495,0
1646,0.050354,-0.092712,0
1647,-0.244446,-0.475677,0
1648,0.464203,0.084534,0
1649,-0.098511,-0.208801,0
1650,0.431549,-0.373169,0
1651,-0.046967,-0.355743,0
1652,0.205231,0.253296,0
1653,-0.415222,0.065948,0
1654,-0.116089,-0.288544,0
1655,-0.03125,0.242371,0
1656,0.194977,-0.304321,0
1657,0.185059,0.426025,0
1658,0.338226,0.365051,0
1659,-0.009369,-0.242584,0
1660,0.358795,-0.445251,0
1661,0.163635,-0.110535,1
1662,0.018097,0.274323,0
1663,0.143036,-0.241638,0
1664,-0.368378,-0.412842,0
1665,0.181885,0.344727,0
1666,-0.157745,0.464203,0
1667,-0.267212,-0.231354,0
1668,-0.202087,-0.293732,0
1669,0.284821,-0.4375,0
1670,-0.297913,-0.471619,0
1671,0.370239,0.465393,0
1672,0.206451,-0.100067,1
1673,-0.040222,-0.417511,0
1674,-0.386261,0.23468,1
1675,-0.034454,0.253662,0
1676,0.360168,-0.476349,0
1677,0.069916,0.474854,0
1678,-0.254303,-0.494354,0
1679,-0.400482,0.215637,0
1680,0.381104,-0.031677,1
1681,-0.337189,0.477295,0
1682,0.320892,-0.226044,0
1683,0.269958,0.434814,0
1684,0.350037,-0.296539,0
1685,-0.345886,-0.4935,0
1686,0.394226,-0.28717,0
1687,-0.487488,-0.304779,0
1688,-0.478455,-0.304993,0
1689,0.386108,0.044922,1
1690,-0.495117,0.341644,0
1691,-0.103058,-0.444244,0
1692,0.413696,0.198242,0
1693,0.06131,0.402588,0
1694,0.203613,-0.493744,0
1695,0.398193,-0.200745,0
1696,-0.22702,-0.074005,1
1697,0.051056,0.35376,0
1698,0.455048,-0.265503,0
1699,-0.357605,0.256805,0
1700,0.414154,-0.408661,0
1701,0.079102,0.14859,0
1702,-0.084778,0.466766,0
1703,0.028046,0.006836,0
1704,-0.065033,-0.174286,0
1705,0.280182,-0.100006,1
1706,0.083679,-0.338654,0
1707,-0.277924,-0.050415,1
1708,0.306183,0.471893,0
1709,0.133698,0.345215,0
1710,0.331024,-0.225098,0
1711,-0.469025,-0.243958,0
1712,0.336334,0.251923,0
1713,0.272186,-0.017395,1
1714,-0.198853,0.118103,1
1715,-0.353241,0.192352,1
1716,0.011444,-0.189972,0
1717,0.165009,-0.416656,0
1718,0.188599,-0.414185,0
1719,0.268219,-0.181061,1
1720,-0.289856,0.130737,1
1721,-0.323059,0.078186,1
1722,0.3909,-0.237183,0
1723,0.096985,0.064789,0
1724,0.293304,0.331665,0
1725,-0.498352,-0.180878,0
1726,0.03595,0.404175,0
1727,-0.291443,-0.323425,0
1728,0.068909,-0.168396,0
1729,0.470459,0.216125,0
1730,-0.115631,0.29068,0
1731,-0.201599,-0.457001,0
1732,-0.368042,-0.106476,1
1733,-0.26416,-0.251068,0
1734,0.10672,0.459381,0
1735,0.303101,-0.106018,1
1736,-0.420746,-0.457581,0
1737,-0.169983,0.353607,0
1738,0.436066,-0.19104,0
1739,0.396423,-0.125275,1
1740,0.099365,-0.141693,0
1741,-0.401459,0.184387,0
1742,0.195068,0.080353,1
1743,0.360382,0.495148,0
1744,0.437286,-0.355682,0
1745,0.008942,-0.249573,0
1746,0.198547,0.212036,1
1747,0.331451,-0.04599,1
1748,0.234375,0.469482,0
1749,-0.16571,0.427368,0
1750,-0.469299,0.070618,0
1751,-0.078522,0.338135,0
1752,-0.256775,0.086884,1
1753,0.211823,0.344208,0
1754,0.197449,-0.443665,0
1755,-0.286163,-0.303436,0
1756,-0.082489,0.22644,0
1757,0.076447,-0.355072,0
1758,-0.346161,0.083405,1
1759,-0.365295,0.489868,0
1760,0.37677,-0.237,0
1761,0.469391,0.125244,0
1762,0.20636,0.435547,0
1763,0.198822,0.414398,0
1764,0.246216,0.259338,0
1765,-0.278137,0.244354,1
1766,0.290314,-0.00354,1
1767,-0.36908,-0.398621,0
1768,-0.128265,-0.115997,1
1769,-0.48645,-0.488373,0
1770,-0.37796,0.355316,0
1771,-0.138428,0.191162,1
1772,0.409637,-0.295685,0
1773,-0.193787,0.24826,0
1774,0.22644,0.28717,0
1775,0.398376,0.282562,0
1776,0.291412,0.354462,0
1777,-0.347626,-0.275848,0
1778,0.339203,0.108459,1
1779,0.072144,0.256897,0
1780,-0.436279,0.078308,0
1781,-0.121246,-0.330566,0
1782,0.184174,0.407501,0
1783,-0.342224,0.477386,0
1784,0.10321,0.1474,0
1785,-0.354919,0.161316,1
1786,-0.374329,0.149933,1
1787,0.370544,0.36319,0
1788,-0.293701,-0.345947,0
1789,-0.122528,-0.114166,1
1790,-0.304108,0.159119,1
1791,0.237152,-0.161224,1
1792,0.054016,-0.320831,0
1793,-0.422852,-0.225586,0
1794,-0.002777,-0.028229,0
1795,0.341736,0.158051,1
1796,-0.44812,-0.164734,0
1797,0.003967,0.015778,0
1798,-0.020386,0.068207,0
1799,-0.052917,0.103638,0
1800,0.04483,0.184479,0
1801,-0.264893,0.442444,0
1802,0.092804,0.478088,0
1803,0.49057,-0.438965,0
1804,0.406891,-0.468567,0
1805,-0.401459,0.292694,0
1806,-0.186157,-0.23941,0
1807,0.455475,0.467865,0
1808,0.006104,0.09137,0
1809,0.48175,0.347107,0
1810,-0.450684,0.360138,0
1811,0.116821,0.138123,1
1812,0.044434,-0.467041,0
1813,0.015198,0.440369,0
1814,0.41272,0.3367,0
1815,0.162659,-0.038666,1
1816,-0.227478,0.396332,0
1817,0.131012,0.347931,0
1818,-0.12323,0.471344,0
1819,0.190155,0.476837,0
1820,-0.420471,-0.113953,0
1821,0.496552,0.047729,0
1822,0.300812,-0.253387,0
1823,0.076477,-0.177094,0
1824,-0.041962,0.039093,0
1825,-0.177002,0.357025,0
1826,0.33313,0.202087,1
1827,0.225189,-0.438873,0
1828,0.343872,0.267792,0
1829,0.04892,-0.05603,0
1830,0.188324,0.164917,1
1831,-0.312866,-0.124573,1
1832,-0.169037,0.277832,0
1833,0.398987,-0.285583,0
1834,-0.20047,-0.144958,1
1835,0.156525,0.146454,1
1836,-0.238922,0.361145,0
1837,0.317322,-0.426453,0
1838,-0.154053,0.365906,0
1839,-0.157806,-0.099304,1
1840,0.188843,0.064026,1
1841,0.276398,-0.437286,0
1842,-0.34494,0.019836,1
1843,0.213562,0.134796,1
1844,0.221436,0.22995,1
1845,0.460388,0.371063,0
1846,-0.019989,0.09845,0
1847,-0.378265,0.014587,1
1848,0.233551,0.417603,0
1849,0.323914,0.222351,1
1850,-0.348114,-0.051727,1
1851,-0.204315,-0.050446,1
1852,-0.042847,-0.306152,0
1853,0.025482,0.136475,0
1854,0.107269,0.461029,0
1855,0.213257,0.04184,1
1856,0.446289,-0.198273,0
1857,-0.263733,-0.433563,0
1858,-0.209747,-0.070709,1
1859,0.347229,-0.089355,1
1860,-0.082886,-0.296631,0
1861,-0.176422,0.409882,0
1862,0.430084,0.276764,0
1863,-0.213409,-0.108704,1
1864,0.462524,0.498016,0
1865,-0.090546,0.395874,0
1866,0.19339,-0.336121,0
1867,0.232422,-0.390503,0
1868,-0.35788,-0.285065,0
1869,-0.195648,-0.153351,1
1870,-0.288574,0.468292,0
1871,0.36911,-0.069336,1
1872,-0.053009,-0.018585,0
1873,0.315613,-0.18573,1
1874,-0.017395,-0.359802,0
1875,-0.389618,0.283997,0
1876,0.139648,0.065765,1
1877,-0.068848,-0.407623,0
1878,0.149689,0.432983,0
1879,-0.27951,0.361725,0
1880,0.46875,0.295227,0
1881,0.378052,-0.397034,0
1882,0.152252,-0.491516,0
1883,0.310211,0.193481,1
1884,-0.240936,0.348969,0
1885,0.05603,-0.342072,0
1886,0.253906,0.417694,0
1887,0.207947,-0.404755,0
1888,0.37619,0.426086,0
1889,0.346252,-0.403992,0
1890,0.444733,0.456055,0
1891,-0.294098,-0.006195,1
1892,0.066528,-0.211487,0
1893,-0.205322,0.294312,0
1894,-0.281372,-0.105988,1
1895,-0.31897,-0.374115,0
1896,-0.328033,-0.320953,0
1897,0.170837,0.055206,1
1898,0.225525,-0.417603,0
1899,-0.408661,0.112335,0
1900,-0.28009,-0.385742,0
1901,0.401398,0.367889,0
1902,0.29892,-0.066986,1
1903,0.346741,0.407379,0
1904,-0.112,0.05249,0
1905,0.378693,0.045166,1
1906,0.358093,0.274048,0
1907,0.055389,0.122864,0
1908,0.343964,0.436859,0
1909,-0.355713,-0.264832,0
1910,-0.314545,-0.419495,0
1911,-0.355469,0.227417,1
1912,-0.039459,-0.386841,0
1913,-0.052246,-0.191895,0
1914,0.078979,-0.420288,0
1915,0.356781,0.120697,1
1916,0.405243,-0.377106,0
1917,-0.319946,-0.38208,0
1918,0.379425,0.231781,0
1919,0.121185,0.082672,1
1920,0.105164,-0.128845,0
1921,0.18222,0.139069,1
1922,-0.127197,-0.414856,0
1923,-0.200775,0.097656,1
1924,0.087006,-0.330292,0
1925,-0.070984,-0.02182,0
1926,-0.432434,0.006866,0
1927,0.306,0.053802,1
1928,-0.308289,0.154907,1
1929,-0.412567,-0.239227,0
1930,0.347137,-0.211731,1
1931,-0.393677,0.317017,0
1932,0.164398,-0.419373,0
1933,-0.049713,-0.106873,0
1934,-0.002869,0.125305,0
1935,-0.414307,-0.31958,0
1936,0.119293,-0.013702,1
1937,-0.255096,-0.301239,0
1938,0.107727,0.47406,0
1939,-0.20343,-0.311523,0
1940,-0.120636,0.239777,0
1941,0.316589,-0.069702,1
1942,-0.149017,0.281281,0
1943,0.079315,0.336212,0
1944,-0.308655,0.455444,0
1945,0.187317,-0.343811,0
1946,-0.36673,0.089661,1
1947,0.058441,0.143372,0
1948,-0.184448,-0.212921,1
1949,0.489288,-0.477661,0
1950,-0.377502,0.018585,1
1951,-0.486542,-0.396271,0
1952,0.490631,-0.404114,0
1953,0.273499,0.389008,0
1954,0.150574,-0.380707,0
1955,-0.374725,0.009338,1
1956,-0.226501,-0.006561,1
1957,-0.306549,0.342255,0
1958,-0.009399,0.105591,0
1959,0.097046,-0.350372,0
1960,0.25415,-0.240417,0
1961,0.063538,0.080933,0
1962,-0.490601,-0.040741,0
1963,0.150391,0.385651,0
1964,-0.354492,-0.364471,0
1965,-0.207184,-0.321777,0
1966,-0.305267,-0.08963,1
1967,0.396454,-0.400574,0
1968,0.24826,-0.00827,1
1969,0.193573,-0.281616,0
1970,0.057678,0.292999,0
1971,-0.417999,-0.481995,0
1972,0.29068,-0.129059,1
1973,0.164825,-0.191406,1
1974,0.409943,-0.224487,0
1975,0.21048,-0.08725,1
1976,0.143555,0.406006,0
1977,-0.248993,0.465515,0
1978,-0.483704,0.466125,0
1979,0.038208,0.173553,0
1980,0.409943,-0.386963,0
1981,-0.424438,0.377045,0
1982,-0.378204,0.39325,0
1983,0.445343,-0.241913,0
1984,-0.110016,-0.440674,0
1985,0.149384,0.039185,1
1986,-0.145782,0.361206,0
1987,-0.317902,0.015961,1
1988,0.420929,-0.093842,0
1989,0.054718,-0.232513,0
1990,-0.498596,0.18045,0
1991,-0.010315,0.388,0
1992,-0.408264,-0.172943,1
1993,0.003418,0.084045,0
1994,0.163483,0.273102,0
1995,-0.403381,-0.019592,1
1996,0.33316,0.300446,0
1997,-0.229218,0.479004,0
1998,-0.219604,-0.346497,0
1999,-0.4104,-0.485992,0
